{
 "D": 128,
 "R": 20,
 "seeds": 8,
 "noise": 0.2,
 "op_beta": 0.3,
 "by_beta": {
  "0.3": {
   "cos_prin": [
    0.5730669500929841,
    0.00944376249670548
   ],
   "cos_epi": [
    0.24075951368085108,
    0.004198102466899156
   ],
   "recall_epi": [
    0.20625,
    0.029283100928692646
   ],
   "recall_con": [
    0.4390625,
    0.03288242549219871
   ],
   "specific_epi": [
    1.0,
    0.0
   ],
   "specific_con": [
    0.99375,
    0.01225000000000001
   ]
  },
  "0.6": {
   "cos_prin": [
    0.37409828882805274,
    0.01812104601857635
   ],
   "cos_epi": [
    0.14109883102147242,
    0.008461329544935513
   ],
   "recall_epi": [
    0.096875,
    0.017168739761555012
   ],
   "recall_con": [
    0.1484375,
    0.02093152899933495
   ],
   "specific_epi": [
    1.0,
    0.0
   ],
   "specific_con": [
    0.98125,
    0.017932163840429314
   ]
  },
  "1.0": {
   "cos_prin": [
    0.23280811415361313,
    0.015759894372914137
   ],
   "cos_epi": [
    0.08446180562593535,
    0.005407768930028717
   ],
   "recall_epi": [
    0.059375000000000004,
    0.02159318468869286
   ],
   "recall_con": [
    0.0953125,
    0.024030660753504053
   ],
   "specific_epi": [
    1.0,
    0.0
   ],
   "specific_con": [
    0.9624999999999999,
    0.01603901493234545
   ]
  }
 },
 "by_k": {
  "2": {
   "cos_prin": [
    0.12288991755227968,
    0.018959298685596503
   ],
   "cos_epi": [
    0.08702659296532067,
    0.01359217622088026
   ],
   "recall_epi": [
    0.0578125,
    0.02118602502240569
   ],
   "recall_con": [
    0.0578125,
    0.013841880517111826
   ],
   "specific_epi": [
    1.0,
    0.0
   ],
   "specific_con": [
    1.0,
    0.0
   ]
  },
  "4": {
   "cos_prin": [
    0.1582272803723826,
    0.012096297149604392
   ],
   "cos_epi": [
    0.08027768712418924,
    0.0063743433960582775
   ],
   "recall_epi": [
    0.0640625,
    0.012627010978454084
   ],
   "recall_con": [
    0.0625,
    0.01535618767793621
   ],
   "specific_epi": [
    1.0,
    0.0
   ],
   "specific_con": [
    1.0,
    0.0
   ]
  },
  "8": {
   "cos_prin": [
    0.23280811415361313,
    0.015759894372914137
   ],
   "cos_epi": [
    0.08446180562593535,
    0.005407768930028717
   ],
   "recall_epi": [
    0.059375000000000004,
    0.02159318468869286
   ],
   "recall_con": [
    0.0953125,
    0.024030660753504053
   ],
   "specific_epi": [
    1.0,
    0.0
   ],
   "specific_con": [
    0.9624999999999999,
    0.01603901493234545
   ]
  },
  "16": {
   "cos_prin": [
    0.3225342725198037,
    0.015727548193299308
   ],
   "cos_epi": [
    0.08490041942957105,
    0.0049014646086428144
   ],
   "recall_epi": [
    0.04375,
    0.016693936024796546
   ],
   "recall_con": [
    0.09843750000000001,
    0.023352010753894405
   ],
   "specific_epi": [
    1.0,
    0.0
   ],
   "specific_con": [
    0.85625,
    0.053796491521287876
   ]
  }
 },
 "real_candidates": {
  "notes": 328,
  "candidates": 26,
  "members": 109
 }
}