{
 "queries": 9156,
 "seeds": 6,
 "alpha": 1.0,
 "k_metric": 1,
 "k_fb": 3,
 "utility_overall": {
  "relevance_only": 0.6734381826124946,
  "heuristic": 0.7324159021406728,
  "bandit": 0.7365661861074705,
  "bandit_shuffled": 0.40334207077326345,
  "oracle": 0.7770860637833115
 },
 "second_half": {
  "bandit": 0.7034934497816594,
  "heuristic": 0.7146288209606987,
  "relevance_only": 0.6338427947598253,
  "oracle": 0.7587336244541485,
  "shuffled": 0.374235807860262
 },
 "curve": {
  "bandit": [
   0.8105457804417592,
   0.8008124179790027,
   0.7844683815564721,
   0.7663389031312947,
   0.7361259425905096,
   0.7198454724409449,
   0.7056262519436415,
   0.698463795041608,
   0.7086481025809275,
   0.7026698654855643,
   0.717825844686081,
   0.6878682456662394
  ],
  "heuristic": [
   0.7960571786305609,
   0.743095472440945,
   0.7425222745594301,
   0.746701727781847,
   0.7280768263342082,
   0.7446260662729659,
   0.712179679237004,
   0.7130360301074283,
   0.7546659701391493,
   0.7054605479002625,
   0.729586260050827,
   0.6735523414769374
  ],
  "relevance_only": [
   0.7803190742790216,
   0.7221381233595799,
   0.7123251833104196,
   0.7076358439388389,
   0.6768183833791609,
   0.6790658628608924,
   0.6360237081419929,
   0.6322673998962339,
   0.6865541807274091,
   0.6306309875328083,
   0.6377663065554305,
   0.5808066618852876
  ],
  "oracle": [
   0.8249619629199575,
   0.7941252460629923,
   0.7818442056722077,
   0.7923725730686281,
   0.785896449141774,
   0.793081938976378,
   0.7713669055396973,
   0.7571251773942501,
   0.7926229846269216,
   0.7604068241469816,
   0.7519496872786736,
   0.7192770694724205
  ]
 },
 "cumulative_regret": 61.833333333333336,
 "weight_recovery": {
  "early": 0.25522116791219834,
  "late": 0.05143015816281699
 },
 "theta_star": {
  "cos": 0.17720895943915196,
  "log_recurrence": 0.118392096952978,
  "age_days": -0.06870684373950516,
  "confidence": -0.0016021666190830454,
  "resolved": 0.006646482114358965
 }
}