{
 "notes": 328,
 "clusters": 26,
 "notes_in_clusters": 109,
 "loo_queries": 108,
 "model": "qwen2.5:7b",
 "k": 3,
 "cos_best_episode": 0.641580140896729,
 "cos_vector_mean": 0.6839563520592677,
 "cos_principle": 0.542488769509412,
 "principle_ge_best_episode": 0.09259259259259259,
 "principle_ge_vector_mean": 0.018518518518518517,
 "recall_episodic": 0.8240740740740741,
 "recall_consolidated": 0.35185185185185186,
 "synthesis_calls": 109,
 "errors": 0,
 "wall_s": 1058.0,
 "ship_supported": false
}