{
 "config": {
  "dim": 48,
  "topics": 40,
  "lessons_per_topic": 8,
  "sessions": 1600,
  "seeds": 6,
  "sigma_main": null,
  "p_supersede": 0.1,
  "zipf_a": 1.7
 },
 "leaderboard": {
  "lexical": {
   "r@1": 0.6413280908693753,
   "r@3": 0.9338138925294889,
   "r@5": 0.9909349060725208,
   "mrr": 0.7880667634026087,
   "ndcg": 0.8415871922230252
  },
  "semantic": {
   "r@1": 0.6734381826124946,
   "r@3": 0.8998470948012233,
   "r@5": 0.9795762341633901,
   "mrr": 0.794068422476024,
   "ndcg": 0.8452393147841901
  },
  "hybrid": {
   "r@1": 0.7661642638706859,
   "r@3": 0.9527086063783311,
   "r@5": 0.9807776321537789,
   "mrr": 0.8581851089059477,
   "ndcg": 0.8903032788422197
  },
  "hybrid+recur_fixed": {
   "r@1": 0.7895369156837047,
   "r@3": 0.9616644823066841,
   "r@5": 0.9937745740498034,
   "mrr": 0.875931993592544,
   "ndcg": 0.9072702757470894
  },
  "hybrid+recur": {
   "r@1": 0.7826561817387505,
   "r@3": 0.9598077763215378,
   "r@5": 0.9935561380515509,
   "mrr": 0.8719866233955356,
   "ndcg": 0.9043259844955824
  },
  "shipped": {
   "r@1": 0.6241808650065531,
   "r@3": 0.849825251201398,
   "r@5": 0.9619921363040629,
   "mrr": 0.7549824211029977,
   "ndcg": 0.8152381833555566
  }
 },
 "recurrence_stratified": {
  "semantic": {
   "1": 0.6990291262135923,
   "2-3": 0.6780645161290323,
   "4-7": 0.6904761904761905,
   "8+": 0.6601482091395636
  },
  "hybrid": {
   "1": 0.6423948220064725,
   "2-3": 0.7296774193548388,
   "4-7": 0.7784391534391535,
   "8+": 0.8054755043227666
  },
  "hybrid+recur": {
   "1": 0.6059870550161812,
   "2-3": 0.7109677419354838,
   "4-7": 0.7870370370370371,
   "8+": 0.8491148620831618
  },
  "shipped": {
   "1": 0.8066343042071198,
   "2-3": 0.6303225806451613,
   "4-7": 0.5694444444444444,
   "8+": 0.5928365582544257
  }
 },
 "learning_curve_recall5": [
  0.7233704292527822,
  0.7048997772828508,
  0.6533907427341227,
  0.6217070600632244,
  0.6129707112970711,
  0.6031413612565445,
  0.596875,
  0.5760416666666667,
  0.615625,
  0.5739583333333333
 ],
 "temporal_avg_versions": 3.3890428480068215,
 "ambiguity_sweep": {
  "0.3": {
   "hybrid": 0.9327217125382263,
   "hybrid_recur": 0.9388379204892966,
   "delta": 0.006116207951070263
  },
  "0.85": {
   "hybrid": 0.6536697247706422,
   "hybrid_recur": 0.685124508519004,
   "delta": 0.03145478374836175
  },
  "1.4": {
   "hybrid": 0.6209043250327654,
   "hybrid_recur": 0.6525775447793797,
   "delta": 0.0316732197466143
  }
 },
 "recur_coef_sweep": {
  "0.0": {
   "fixed": 0.7661642638706859,
   "adaptive": 0.7661642638706859
  },
  "0.0003": {
   "fixed": 0.7895369156837047,
   "adaptive": 0.7826561817387505
  },
  "0.001": {
   "fixed": 0.7612494539100043,
   "adaptive": 0.777304499781564
  },
  "0.003": {
   "fixed": 0.7415902140672783,
   "adaptive": 0.7566622979467016
  },
  "0.01": {
   "fixed": 0.7383136740934906,
   "adaptive": 0.7386413280908694
  },
  "0.03": {
   "fixed": 0.688182612494539,
   "adaptive": 0.7388597640891219
  }
 },
 "recur_coef_optimum": 0.0003,
 "recur_coef_shipped": 0.0003,
 "adaptive_max_delta_coef": 0.03
}