{
 "sessions": 940,
 "questions": 500,
 "embedder": "bge-m3",
 "methods": {
  "semantic": {
   "recall@1": 0.422,
   "recall@3": 0.58,
   "recall@5": 0.652,
   "recall@10": 0.728,
   "mrr": 0.5281852224668283
  },
  "lexical": {
   "recall@1": 0.522,
   "recall@3": 0.678,
   "recall@5": 0.752,
   "recall@10": 0.834,
   "mrr": 0.6231697064835308
  },
  "hybrid": {
   "recall@1": 0.55,
   "recall@3": 0.722,
   "recall@5": 0.802,
   "recall@10": 0.858,
   "mrr": 0.6565628988084086
  },
  "semantic+recur": {
   "recall@1": 0.422,
   "recall@3": 0.58,
   "recall@5": 0.652,
   "recall@10": 0.728,
   "mrr": 0.5281852224668283
  },
  "hybrid+xrerank": {
   "recall@1": 0.614,
   "recall@3": 0.796,
   "recall@5": 0.826,
   "recall@10": 0.858,
   "mrr": 0.7117716289671387
  }
 },
 "recur_inert": true,
 "xrerank": {
  "model": "BAAI/bge-reranker-v2-m3",
  "n": 10,
  "snippet_chars": 1200,
  "delta_recall@1": 0.06399999999999995,
  "delta_recall@5": 0.02399999999999991,
  "delta_recall@10": 0.0
 }
}