{
 "train_q": 6140,
 "test_q": 3016,
 "iters": 500,
 "weights": {
  "cos": 1.75078061639283,
  "log_recurrence": 1.0190447169582828,
  "age_days": -0.520464882133526,
  "confidence": -0.016441169043967807,
  "resolved": 0.09800726871011455
 },
 "rankers": {
  "relevance-only": {
   "recall@1": 0.6734084880636605,
   "recall@3": 0.89157824933687,
   "recall@5": 0.9777851458885941,
   "mrr": 0.7919287608942773,
   "ndcg": 0.8434986428383469
  },
  "heuristic (shipped)": {
   "recall@1": 0.6986074270557029,
   "recall@3": 0.9171087533156499,
   "recall@5": 0.9854111405835544,
   "mrr": 0.8141980863963623,
   "ndcg": 0.8606035056236464
  },
  "posterior (fitted)": {
   "recall@1": 0.7688992042440318,
   "recall@3": 0.9565649867374005,
   "recall@5": 0.9946949602122016,
   "mrr": 0.8641586143741321,
   "ndcg": 0.898507083856949
  }
 },
 "posterior_minus_heuristic_r1": 0.07029177718832891,
 "leave_one_out_r1_drop": {
  "frequency": 0.058023872679045074,
  "recency": 0.0003315649867373649,
  "reliability": -0.0006631299734748408,
  "status": -0.0003315649867374759
 },
 "calibration_ece": 0.003694904296558026,
 "calibration": {
  "predicted": [
   0.02012659275046623,
   0.14299915826577525,
   0.24502975101193508,
   0.35035550739259136,
   0.449380776812812,
   0.5515562651872955,
   0.6483383667500905,
   0.7512110531284614,
   0.8525373703152989,
   0.9702331981378424
  ],
  "empirical": [
   0.019938650306748466,
   0.15186028853454822,
   0.21981424148606812,
   0.3509933774834437,
   0.4389027431421446,
   0.5601173020527859,
   0.6529209621993127,
   0.7370030581039755,
   0.8497267759562842,
   0.9797734627831716
  ],
  "count": [
   9780.0,
   1317.0,
   646.0,
   453.0,
   401.0,
   341.0,
   291.0,
   327.0,
   366.0,
   1236.0
  ]
 }
}