{
 "clusters": 12,
 "bridges": 18,
 "k": 5,
 "divs": [
  0.0,
  0.25,
  0.5,
  0.75,
  1.0
 ],
 "bridge_recall": {
  "relevance": {
   "0.0": 0.0,
   "0.25": 0.0,
   "0.5": 0.0,
   "0.75": 0.0,
   "1.0": 0.0
  },
  "mmr": {
   "0.0": 0.0,
   "0.25": 0.0,
   "0.5": 0.45708333333333334,
   "0.75": 0.0,
   "1.0": 0.0
  },
  "bridge": {
   "0.0": 0.0,
   "0.25": 0.071875,
   "0.5": 0.8616666666666667,
   "0.75": 0.9447916666666667,
   "1.0": 0.6489583333333333
  }
 },
 "pareto_bridge": {
  "0.0": {
   "relevance": 0.9079889013969347,
   "novelty": 0.04967205695282183,
   "cross": 0.0
  },
  "0.25": {
   "relevance": 0.9043661759974917,
   "novelty": 0.05235587431816533,
   "cross": 0.014833333333333334
  },
  "0.5": {
   "relevance": 0.8281642303279552,
   "novelty": 0.13025740647861084,
   "cross": 0.3643333333333334
  },
  "0.75": {
   "relevance": 0.4655809648300313,
   "novelty": 0.5121275175704129,
   "cross": 0.92025
  },
  "1.0": {
   "relevance": 0.1343776659425017,
   "novelty": 0.857391094046374,
   "cross": 1.0
  }
 }
}