{
 "baseline": "bge-m3",
 "models": {
  "bge-m3": {
   "semantic": {
    "recall@1": 0.422,
    "recall@3": 0.58,
    "recall@5": 0.652,
    "recall@10": 0.728,
    "mrr": 0.5281852224668283
   },
   "hybrid": {
    "recall@1": 0.418,
    "recall@3": 0.586,
    "recall@5": 0.66,
    "recall@10": 0.77,
    "mrr": 0.5329377790247621
   },
   "delta_hybrid@10": 0.0
  },
  "snowflake-arctic-embed2:latest": {
   "semantic": {
    "recall@1": 0.35,
    "recall@3": 0.498,
    "recall@5": 0.58,
    "recall@10": 0.682,
    "mrr": 0.4556720249992313
   },
   "hybrid": {
    "recall@1": 0.384,
    "recall@3": 0.566,
    "recall@5": 0.646,
    "recall@10": 0.742,
    "mrr": 0.5024873382605108
   },
   "delta_hybrid@10": -0.028000000000000025
  },
  "dengcao/Qwen3-Embedding-0.6B:Q8_0": {
   "semantic": {
    "recall@1": 0.374,
    "recall@3": 0.486,
    "recall@5": 0.558,
    "recall@10": 0.624,
    "mrr": 0.45742186965148385
   },
   "hybrid": {
    "recall@1": 0.392,
    "recall@3": 0.578,
    "recall@5": 0.654,
    "recall@10": 0.728,
    "mrr": 0.5069709760407815
   },
   "delta_hybrid@10": -0.04200000000000004
  },
  "mxbai-embed-large:latest": {
   "semantic": {
    "recall@1": 0.364,
    "recall@3": 0.54,
    "recall@5": 0.628,
    "recall@10": 0.736,
    "mrr": 0.4839777979959389
   },
   "hybrid": {
    "recall@1": 0.378,
    "recall@3": 0.604,
    "recall@5": 0.668,
    "recall@10": 0.78,
    "mrr": 0.5106633303379923
   },
   "delta_hybrid@10": 0.010000000000000009
  }
 }
}