{
 "seeds": 6,
 "kq": 3,
 "sigma_q": 0.3,
 "keep_all": {
  "head": 0.8411111111111111,
  "uniform": 0.835
 },
 "budgets": [
  0.2,
  0.3,
  0.4,
  0.6,
  0.8
 ],
 "metrics": {
  "coreset": {
   "0.2": {
    "head": 0.7063888888888888,
    "uniform": 0.2822222222222222,
    "cov": 0.8541666666666666,
    "red": 0.0010479289555167949
   },
   "0.3": {
    "head": 0.7647222222222222,
    "uniform": 0.3613888888888889,
    "cov": 0.9791666666666666,
    "red": 0.0007457697552247696
   },
   "0.4": {
    "head": 0.7997222222222223,
    "uniform": 0.43555555555555553,
    "cov": 1.0,
    "red": 0.0014079287461882008
   },
   "0.6": {
    "head": 0.8272222222222223,
    "uniform": 0.5852777777777778,
    "cov": 1.0,
    "red": 0.0029696295293373007
   },
   "0.8": {
    "head": 0.8361111111111111,
    "uniform": 0.7144444444444445,
    "cov": 1.0,
    "red": 0.0036795103417360197
   }
  },
  "salience": {
   "0.2": {
    "head": 0.7116666666666666,
    "uniform": 0.2775,
    "cov": 0.7166666666666667,
    "red": 0.00394159194608701
   },
   "0.3": {
    "head": 0.773888888888889,
    "uniform": 0.34972222222222227,
    "cov": 0.8750000000000001,
    "red": 0.003108887226886964
   },
   "0.4": {
    "head": 0.7997222222222223,
    "uniform": 0.4272222222222222,
    "cov": 0.9416666666666668,
    "red": 0.002562989426516568
   },
   "0.6": {
    "head": 0.8272222222222223,
    "uniform": 0.5777777777777778,
    "cov": 0.9874999999999999,
    "red": 0.003374288535392096
   },
   "0.8": {
    "head": 0.8402777777777777,
    "uniform": 0.7069444444444445,
    "cov": 1.0,
    "red": 0.0037091267836359544
   }
  },
  "recency": {
   "0.2": {
    "head": 0.22111111111111112,
    "uniform": 0.2602777777777778,
    "cov": 0.7583333333333333,
    "red": -8.335426702439648e-05
   },
   "0.3": {
    "head": 0.23694444444444443,
    "uniform": 0.34861111111111115,
    "cov": 0.8999999999999999,
    "red": 0.003433805833134143
   },
   "0.4": {
    "head": 0.2677777777777778,
    "uniform": 0.4202777777777778,
    "cov": 0.9458333333333333,
    "red": 0.003515615411526217
   },
   "0.6": {
    "head": 0.5508333333333333,
    "uniform": 0.5675,
    "cov": 0.9958333333333332,
    "red": 0.004438247233458239
   },
   "0.8": {
    "head": 0.6974999999999999,
    "uniform": 0.7055555555555556,
    "cov": 0.9958333333333332,
    "red": 0.004329220529693458
   }
  },
  "random": {
   "0.2": {
    "head": 0.3013888888888889,
    "uniform": 0.2902777777777778,
    "cov": 0.7416666666666666,
    "red": 0.002556046554167142
   },
   "0.3": {
    "head": 0.36166666666666664,
    "uniform": 0.37611111111111106,
    "cov": 0.8666666666666666,
    "red": 0.003730918569855857
   },
   "0.4": {
    "head": 0.46388888888888885,
    "uniform": 0.43027777777777776,
    "cov": 0.9291666666666667,
    "red": 0.0034369597979328915
   },
   "0.6": {
    "head": 0.6127777777777778,
    "uniform": 0.5772222222222222,
    "cov": 0.9874999999999999,
    "red": 0.0032525130882929665
   },
   "0.8": {
    "head": 0.7072222222222223,
    "uniform": 0.7052777777777779,
    "cov": 0.9958333333333332,
    "red": 0.003907910486956551
   }
  }
 }
}