{
 "normal_clusters": 10,
 "precursors": 8,
 "k": 5,
 "W": 0.35,
 "metrics": {
  "relevance": {
   "tail": 0.5478571428571428,
   "common": 0.685,
   "falsealarm": 0.22142857142857142,
   "lead": 2.6983333333333333
  },
  "recurrence": {
   "tail": 0.013095238095238096,
   "common": 0.6369047619047619,
   "falsealarm": 0.0007142857142857143,
   "lead": 0.06190476190476191
  },
  "rare-event": {
   "tail": 0.9480952380952381,
   "common": 0.5269047619047619,
   "falsealarm": 0.9011904761904762,
   "lead": 4.687857142857143
  },
  "rare-gated": {
   "tail": 0.7578571428571429,
   "common": 0.660952380952381,
   "falsealarm": 0.4773809523809524,
   "lead": 3.7252380952380952
  }
 }
}