{
 "notes": 328,
 "projects": 11,
 "slug_recurring": 0,
 "semantic_recurrence": {
  "0.5": {
   "clusters": 70,
   "cross_session": 41,
   "notes_involved": 292
  },
  "0.55": {
   "clusters": 81,
   "cross_session": 37,
   "notes_involved": 244
  },
  "0.6": {
   "clusters": 74,
   "cross_session": 19,
   "notes_involved": 183
  }
 },
 "recall_at_k": 3,
 "recall_queries": 131,
 "recall_vs_prior_weight": {
  "0.0": 0.7099236641221374,
  "0.01": 0.7099236641221374,
  "0.02": 0.7099236641221374,
  "0.03": 0.6793893129770993,
  "0.05": 0.6106870229007634,
  "0.08": 0.5725190839694656,
  "0.12": 0.48854961832061067,
  "0.2": 0.37404580152671757
 }
}