{
 "projects_measured": 6,
 "cluster_thr": 0.55,
 "topic_retention": {
  "keep_50pct": {
   "coverage": 0.8648648648648649,
   "slug": 0.8648648648648649,
   "semantic": 0.8378378378378378
  },
  "keep_70pct": {
   "coverage": 0.972972972972973,
   "slug": 0.972972972972973,
   "semantic": 1.0
  }
 },
 "members_per_topic": {
  "coverage": 2.322916666666667,
  "semantic": 3.673496076721883
 }
}