{
 "stand": "longmemeval-oracle",
 "n_q": 500,
 "n_sess": 940,
 "results": {
  "baseline": {
   "recall@1": 0.55,
   "recall@3": 0.722,
   "recall@5": 0.802,
   "recall@10": 0.858,
   "mrr": 0.6565628988084086
  },
  "sem_w=0.0": {
   "recall@1": 0.522,
   "recall@3": 0.678,
   "recall@5": 0.752,
   "recall@10": 0.834,
   "mrr": 0.6231697064835308
  },
  "sem_w=0.25": {
   "recall@1": 0.554,
   "recall@3": 0.714,
   "recall@5": 0.784,
   "recall@10": 0.842,
   "mrr": 0.6560665837263873
  },
  "sem_w=0.4": {
   "recall@1": 0.554,
   "recall@3": 0.716,
   "recall@5": 0.8,
   "recall@10": 0.85,
   "mrr": 0.6574262280151694
  },
  "sem_w=0.5": {
   "recall@1": 0.55,
   "recall@3": 0.722,
   "recall@5": 0.802,
   "recall@10": 0.858,
   "mrr": 0.6565628988084086
  },
  "sem_w=0.6": {
   "recall@1": 0.544,
   "recall@3": 0.726,
   "recall@5": 0.802,
   "recall@10": 0.854,
   "mrr": 0.6541684069386121
  },
  "sem_w=0.75": {
   "recall@1": 0.538,
   "recall@3": 0.732,
   "recall@5": 0.794,
   "recall@10": 0.854,
   "mrr": 0.6518890438987411
  },
  "sem_w=1.0": {
   "recall@1": 0.532,
   "recall@3": 0.722,
   "recall@5": 0.788,
   "recall@10": 0.852,
   "mrr": 0.6459967479904354
  },
  "sem_w=1.5": {
   "recall@1": 0.51,
   "recall@3": 0.71,
   "recall@5": 0.784,
   "recall@10": 0.854,
   "mrr": 0.6290951308945342
  },
  "agree=0.05": {
   "recall@1": 0.536,
   "recall@3": 0.724,
   "recall@5": 0.796,
   "recall@10": 0.856,
   "mrr": 0.6498545303851566
  },
  "agree=0.1": {
   "recall@1": 0.538,
   "recall@3": 0.726,
   "recall@5": 0.792,
   "recall@10": 0.858,
   "mrr": 0.6500408698356964
  },
  "agree=0.2": {
   "recall@1": 0.53,
   "recall@3": 0.716,
   "recall@5": 0.792,
   "recall@10": 0.852,
   "mrr": 0.6441726078033596
  },
  "agree=0.3": {
   "recall@1": 0.524,
   "recall@3": 0.712,
   "recall@5": 0.786,
   "recall@10": 0.848,
   "mrr": 0.6394206468473046
  },
  "agree=0.5": {
   "recall@1": 0.516,
   "recall@3": 0.708,
   "recall@5": 0.784,
   "recall@10": 0.848,
   "mrr": 0.6320698508577708
  },
  "matry-128": {
   "recall@1": 0.536,
   "recall@3": 0.708,
   "recall@5": 0.784,
   "recall@10": 0.84,
   "mrr": 0.6426775145669614
  },
  "matry-256": {
   "recall@1": 0.54,
   "recall@3": 0.708,
   "recall@5": 0.788,
   "recall@10": 0.846,
   "mrr": 0.6452724326507437
  },
  "matry-384": {
   "recall@1": 0.552,
   "recall@3": 0.714,
   "recall@5": 0.792,
   "recall@10": 0.848,
   "mrr": 0.6531789928435622
  },
  "matry-512": {
   "recall@1": 0.552,
   "recall@3": 0.712,
   "recall@5": 0.796,
   "recall@10": 0.848,
   "mrr": 0.6540462662091459
  },
  "matry-768": {
   "recall@1": 0.546,
   "recall@3": 0.716,
   "recall@5": 0.796,
   "recall@10": 0.852,
   "mrr": 0.652398966867419
  },
  "matry-1024": {
   "recall@1": 0.55,
   "recall@3": 0.722,
   "recall@5": 0.802,
   "recall@10": 0.858,
   "mrr": 0.6565628988084086
  },
  "binary-sym": {
   "recall@1": 0.546,
   "recall@3": 0.728,
   "recall@5": 0.794,
   "recall@10": 0.852,
   "mrr": 0.6542233573180402
  },
  "binary-asym": {
   "recall@1": 0.548,
   "recall@3": 0.726,
   "recall@5": 0.796,
   "recall@10": 0.846,
   "mrr": 0.6545097433360942
  },
  "bin+rerank20": {
   "recall@1": 0.532,
   "recall@3": 0.708,
   "recall@5": 0.778,
   "recall@10": 0.846,
   "mrr": 0.6410739572574433
  },
  "bin+rerank50": {
   "recall@1": 0.544,
   "recall@3": 0.726,
   "recall@5": 0.788,
   "recall@10": 0.86,
   "mrr": 0.6519013094780975
  },
  "bin+rerank100": {
   "recall@1": 0.55,
   "recall@3": 0.726,
   "recall@5": 0.79,
   "recall@10": 0.85,
   "mrr": 0.6561087829608087
  },
  "bin+matry512": {
   "recall@1": 0.528,
   "recall@3": 0.704,
   "recall@5": 0.786,
   "recall@10": 0.842,
   "mrr": 0.6365141209818705
  },
  "robust sem_w=0.4": {
   "recall@1": 0.532,
   "recall@3": 0.676,
   "recall@5": 0.75,
   "recall@10": 0.816,
   "mrr": 0.6278152088737617
  },
  "robust sem_w=0.5": {
   "recall@1": 0.534,
   "recall@3": 0.676,
   "recall@5": 0.754,
   "recall@10": 0.816,
   "mrr": 0.6302283588858958
  },
  "robust sem_w=0.6": {
   "recall@1": 0.534,
   "recall@3": 0.688,
   "recall@5": 0.76,
   "recall@10": 0.822,
   "mrr": 0.6322634426180522
  },
  "adaptive": {
   "recall@1": 0.546,
   "recall@3": 0.714,
   "recall@5": 0.774,
   "recall@10": 0.838,
   "mrr": 0.6481995374313384
  },
  "adaptive0.6": {
   "recall@1": 0.55,
   "recall@3": 0.71,
   "recall@5": 0.782,
   "recall@10": 0.846,
   "mrr": 0.6526601816977443
  }
 }
}